nume,pret,positive,negative,total_reviews
Palworld,29.99,358266,22443,380709
New World: Aeternum,59.99,196798,90080,286878
Black Myth: Wukong,59.99,1111720,38378,1150098
Lost Ark,0.0,143481,58540,202021
Monster Hunter Wilds,29.99,127273,91142,218415
Warframe,0.0,545393,81110,626503
ELDEN RING,59.99,981540,75137,1056677
Terraria,9.99,1373979,35494,1409473
Path of Exile 2,29.99,118511,50510,169021
Baldur's Gate 3,44.99,736688,23974,760662
Rust,19.99,1071135,156649,1227784
ARK: Survival Evolved,14.99,612177,117993,730170
Stardew Valley,14.99,872384,13811,886195
Path of Exile,0.0,209822,25269,235091
PAYDAY 2,9.99,594327,68755,663082
Last Epoch,34.99,88027,22596,110623
Cyberpunk 2077,59.99,713071,131850,844921
Hogwarts Legacy,59.99,289966,31429,321395
The Witcher 3: Wild Hunt - Complete Edition,49.99,802993,32356,835349
Borderlands 2,4.99,272900,22318,295218
Valheim,29.99,471451,28377,499828
Project Zomboid,24.99,355171,21892,377063
SMITE,0.0,94368,25428,119796
Don't Starve Together,14.99,475393,23668,499061
Dying Light,24.99,435687,21945,457632
7 Days to Die,44.99,327889,42157,370046
CyberCorp,14.99,266,56,322
Grim Dawn,24.99,93489,6241,99730
Mount & Blade II: Bannerlord,49.99,232360,32031,264391
Trove,0.0,74103,18267,92370
Fallout 4,19.99,326054,66233,392287
"Warhammer 40,000: Rogue Trader",49.99,26360,4445,30805
Castle Crashers,1.49,120733,4865,125598
The Elder Scrolls V: Skyrim,19.99,300915,16364,317279
The Elder Scrolls V: Skyrim Special Edition,39.99,310162,26896,337058
Robocraft,0.0,86240,31815,118055
Fallout: New Vegas,9.99,218763,8937,227700
Black Desert,9.99,64416,22503,86919
"Warhammer 40,000: Space Marine 2",14.99,134739,27846,162585
The Elder Scrolls Online,19.99,125497,28616,154113
Vampire Survivors,4.99,246479,3855,250334
Clicker Heroes,0.0,54989,6315,61304
STAR WARS: The Old Republic,0.0,60864,7088,67952
Hades,24.99,274829,4912,279741
Undertale,2.49,264082,8850,272932
Neverwinter,0.0,29947,8638,38585
Divinity: Original Sin 2 - Definitive Edition,44.99,182166,7958,190124
Dying Light 2 Stay Human: Reloaded Edition,59.99,154122,40708,194830
Russian Fishing 4,0.0,39598,33887,73485
Infestation: The New Z,0.0,18200,15615,33815
Tom Clancy’s The Division,29.99,65652,27546,93198
Conan Exiles Enhanced,39.99,84575,22890,107465
DAVE THE DIVER,19.99,125422,3909,129331
Mount & Blade: Warband,19.99,162632,3773,166405
Braveland,9.99,2555,577,3132
God of War,49.99,151706,6311,158017
Assassin's Creed Odyssey,59.99,153091,19102,172193
Darkest Dungeon,24.99,137026,12430,149456
Albion Online,0.0,65583,17491,83074
Starbound,14.99,152150,12756,164906
Magicka,9.99,26997,4365,31362
FINAL FANTASY XIV Online,19.99,70254,9782,80036
The Elder Scrolls IV: Oblivion Remastered,49.99,42316,10242,52558
Starfield,49.99,93942,71585,165527
The Witcher 2: Assassins of Kings Enhanced Edition,19.99,77950,9114,87064
Tabletop Simulator,19.99,66735,3925,70660
Survarium,0.0,13832,11623,25455
Hades II,29.99,60844,3288,64132
The Lord of the Rings Online,0.0,17099,3896,20995
Middle-earth: Shadow of War,49.99,95053,12165,107218
EVE Online,0.0,26813,9575,36388
BioShock,19.99,29127,1804,30931
Enshrouded,39.99,67486,10594,78080
Borderlands 3,5.99,125248,23817,149065
Mirror 2: Project X,1.99,28726,87986,116712
Torchlight II,19.99,41131,3210,44341
Crusader Kings II,0.0,66359,7450,73809
Clair Obscur: Expedition 33,49.99,106216,4816,111032
Borderlands: The Pre-Sequel,39.99,33577,8802,42379
The Witcher: Enhanced Edition Director's Cut,9.99,73569,9135,82704
Warhammer: Vermintide 2,29.99,113489,20234,133723
Elite Dangerous,19.99,77388,22636,100024
Kingdom Come: Deliverance II,59.99,96279,6058,102337
Spiral Knights,0.0,19869,3789,23658
BioShock Remastered,19.99,47962,10301,58263
Kingdom Come: Deliverance,29.99,136446,25760,162206
Fallout 76,39.99,89334,33215,122549
South Park: The Stick of Truth,29.99,66636,1669,68305
Defiance,0.0,9676,2964,12640
DARK SOULS II: Scholar of the First Sin,39.99,98052,18658,116710
Kenshi,29.99,93712,4423,98135
The Scroll of Taiwu : Beyond The Dome,29.99,42350,18287,60637
Crusader Kings III,49.99,114259,12650,126909
Remnant: From the Ashes,39.99,44761,8081,52842
Fallout Shelter,0.0,65847,8601,74448
Phantasy Star Online 2,0.0,16848,7196,24044
Brotato,2.99,94525,3276,97801
Fallout: A Post Nuclear Role Playing Game,9.99,20902,1296,22198
Granblue Fantasy: Relink,39.99,43116,4883,47999
Dungeon Defenders,14.99,16818,1242,18060
Tree of Savior (English Ver.),0.0,13046,7265,20311
Dragon's Dogma: Dark Arisen,4.79,41310,5376,46686
ARK: Survival Ascended,44.99,44880,31115,75995
NieR:Automata,39.99,122027,18142,140169
Titan Quest Anniversary Edition,19.99,32295,3226,35521
Metin2,0.0,10212,4355,14567
鬼谷八荒 Tale of Immortal,12.99,121020,106084,227104
PAYDAY 3,14.99,25497,33195,58692
Noita,19.99,74759,3718,78477
"Warhammer 40,000: Darktide",39.99,80268,32692,112960
Bless Unleashed,0.0,16259,14611,30870
Orcs Must Die! 2,14.99,17917,1371,19288
Bastion,14.99,35661,1731,37392
Tales of ARISE,49.99,30379,4403,34782
SPORE,19.99,61124,4996,66120
ELDEN RING NIGHTREIGN,39.99,48901,16771,65672
Gunfire Reborn,13.99,92655,6517,99172
封灵档案,0.0,21945,4737,26682
Mirror,1.99,80419,2554,82973
ARK: Survival Of The Fittest,4.49,7766,3926,11692
The I of the Dragon,3.19,676,321,997
Darksiders II Deathinitive Edition,29.99,14223,3887,18110
Dragon Age: The Veilguard,59.99,28118,12361,40479
Dungeon Defenders II,0.0,16882,4941,21823
Spellbreak,0.0,12119,1887,14006
Disco Elysium - The Final Cut,39.99,104010,7702,111712
Star Conflict,0.0,10879,3974,14853
Guild Wars 2,0.0,19151,2392,21543
Trine Enchanted Edition,2.99,14696,649,15345
Nioh: Complete Edition,49.99,27867,7025,34892
State of Decay 2: Juggernaut Edition,29.99,52001,10715,62716
Star Trek Online,0.0,15939,4206,20145
S.T.A.L.K.E.R. 2: Heart of Chornobyl,59.99,91274,22072,113346
Aura Kingdom,0.0,6676,1884,8560
Fallout 3: Game of the Year Edition,19.99,41078,9515,50593
Pathfinder: Wrath of the Righteous - Enhanced Edition,19.99,32303,6193,38496
Pathfinder: Kingmaker — Enhanced Plus Edition,19.99,26001,7420,33421
FINAL FANTASY XV WINDOWS EDITION,34.99,44632,9056,53688
Deus Ex: Mankind Divided,29.99,31037,9813,40850
Deus Ex: Human Revolution - Director's Cut,19.99,25909,2216,28125
For The King,19.99,36581,4906,41487
RIFT,0.0,8347,2896,11243
Dragon's Dogma 2,39.99,65154,41785,106939
Marvel's Midnight Suns,8.99,17871,4003,21874
BioShock 2 Remastered,19.99,18860,7762,26622
No Rest for the Wicked,39.99,39563,10970,50533
Monster Hunter Stories 2: Wings of Ruin,14.79,13186,2801,15987
Borderlands Game of the Year,29.99,28944,3579,32523
RuneScape ,0.0,20941,4397,25338
Shadowrun Returns,14.99,11833,1549,13382
Dead Frontier 2,0.0,18844,7957,26801
SoulWorker - Anime Action MMO,0.0,11048,2901,13949
Neon Abyss,7.87,19957,3183,23140
Tribes of Midgard,19.99,17197,5278,22475
OUTRIDERS,19.99,40267,20201,60468
CODE VEIN,59.99,48327,8991,57318
"Warhammer 40,000: Chaos Gate - Daemonhunters",11.24,10162,2945,13107
To the Moon,9.99,77246,3015,80261
Vindictus,0.0,5300,2563,7863
The Elder Scrolls IV: Oblivion Game of the Year Edition (2009),14.99,48307,2354,50661
Persona 5 Royal,59.99,99657,3487,103144
Knight Online,0.0,5482,5404,10886
ENDLESS Legend,29.99,15589,3042,18631
South Park: The Fractured But Whole,29.99,24764,4520,29284
Stories: The Path of Destinies,14.99,5754,767,6521
STAR WARS Knights of the Old Republic,3.99,28928,2810,31738
Heart of a Warrior,10.99,0,1,1
God of War Ragnarök,59.99,27127,4261,31388
Tiny Tina's Wonderlands,29.99,15933,6053,21986
Gothic 3,19.99,9244,2120,11364
Pillars of Eternity,29.99,21751,2899,24650
Darksiders III,39.99,11626,3571,15197
Legends of IdleOn - Idle MMO,0.0,17310,4406,21716
Dark Messiah of Might & Magic,9.99,9813,951,10764
Baldur's Gate: Enhanced Edition,19.99,15123,1275,16398
Blade and Sorcery,29.99,55566,1919,57485
Fallen Earth Free2Play,0.0,4484,3047,7531
Hero Siege,7.99,29813,13699,43512
Yakuza 0,10.99,70292,3189,73481
Assassin's Creed Origins,59.99,97301,16195,113496
The Elder Scrolls III: Morrowind Game of the Year Edition,14.99,25172,1212,26384
Riders of Icarus,0.0,7083,3643,10726
Sabre Team,6.99,2,2,4
Digimon Masters Online,0.0,5461,2664,8125
Old School RuneScape,0.0,15244,3091,18335
MiSide,11.99,108883,2204,111087
Mass Effect 2 (2010 Edition),0.0,14623,920,15543
Dragon Age: Origins - Ultimate Edition,29.99,24599,3813,28412
Creativerse,24.99,24051,6924,30975
Wolcen: Lords of Mayhem,19.99,37846,29831,67677
DRAGON BALL Z: KAKAROT,19.99,50976,3704,54680
Astral Party ,0.0,9547,7422,16969
Crypt of the NecroDancer,14.99,24053,1063,25116
Shakes and Fidget,0.0,33837,2756,36593
DC Universe Online,0.0,16923,4093,21016
Bloodstained: Ritual of the Night,9.99,36999,2486,39485
REMNANT II,49.99,50249,10114,60363
The Ascent,29.99,16932,5952,22884
Eador. Masters of the Broken World,19.99,1871,872,2743
Enclave,4.99,5068,1312,6380
